OrderID,OrderDate,CustomerName,Region,ProductName,Category,Qty,UnitPrice,Unit Cost
1001,2024-01-03,Alice Chen,West,Trail Runner Tire,Tires,2,"$45.00","$22.00"
1002,2024-01-03,Bob Kessler,East,Commuter Helmet,Accessories,1,"$68.00","$31.00"
1003,2024-01-05,Alice Chen,West,All-Terrain Tire,Tires,1,"$52.00","$26.00"
1004,2024-01-08,Priya Nair,South,Trail Runner Tire,Tires,3,"$45.00","$22.00"
1005,2024-01-12,Bob Kessler,East,Repair Kit,Accessories,2,"$18.00","$7.00"
1006,2024-02-02,Diego Ruiz,West,Commuter Helmet,Accessories,1,"$68.00","$31.00"
1007,2024-02-14,Priya Nair,South,All-Terrain Tire,Tires,2,"$52.00","$26.00"
1008,2024-02-20,Alice Chen,West,Bike Lock,Accessories,1,"$35.00","$14.00"
1009,2025-01-06,Alice Chen,West,Trail Runner Tire,Tires,4,"$45.00","$22.00"
1010,2025-01-18,Diego Ruiz,West,Repair Kit,Accessories,3,"$18.00","$7.00"
1011,2025-02-09,Priya Nair,South,Commuter Helmet,Accessories,2,"$68.00","$31.00"
1012,2025-02-22,Bob Kessler,East,All-Terrain Tire,Tires,1,"$52.00","$26.00"
